,name,numberOfCrosses,crosses,pd
0,0_1,0,"[X(1,12,14,11), X(2,3,3,4), X(4,8,5,7), X(6,6,7,5), X(8,2,9,1), X(9,13,10,12), X(10,13,11,14)]","array([[ 8,  8,  8,  8,  0,  0,  0,  0,  0,  0,  0],
       [ 8,  3,  3,  8,  8,  8,  0,  0, 11, 11, 11],
       [ 8,  3, -2,  2,  2, -1,  1,  1, -2, 14, 11],
       [ 8,  0,  4,  0,  0,  9,  0,  0, 12, 14, 11],
       [ 8,  0,  4,  0,  0,  9,  0,  0, 12, 14, 11],
       [ 8,  0,  4,  0, 13, -1, 12, 12, 12, 14, 11],
       [ 8,  0,  4,  0, 13, 10, 10, 10, 10, 14, 11],
       [ 8,  0,  4,  0, 13, 13, 13, 13, 10, 14, 11],
       [ 8,  0,  4,  0,  0,  6,  6, 13, 10, 14, 11],
       [ 8,  8, -1,  7,  7, -2,  6, 13, -1, 14, 11],
       [ 0,  0,  5,  5,  5,  5,  0,  0, 11, 11, 11]])"
1,0_1,0,"[X(4,2,5,1), X(6,6,7,5), X(8,12,9,11), X(9,12,10,13), X(10,8,11,7), X(13,2,14,3), X(14,4,1,3)]","array([[ 0,  1,  1,  1,  1,  0,  0,  7,  7,  7, 11, 11, 11, 11,  0,  0, 13, 13, 13],
       [ 3, -1,  4,  4, -2,  5,  5, -1,  6,  7, -1,  8,  8, -2,  9,  9, -2, 10, 13],
       [ 3, 14, 14, 14,  2,  0,  0,  6,  6,  0, 10,  0,  0, 12, 12, 12, 12, 10, 13],
       [ 3,  0,  0, 14,  2,  0,  0,  0,  0,  0, 10, 10, 10, 10, 10, 10, 10, 10, 13],
       [ 3,  0,  0, 14, -2, 13, 13, 13, 13, 13, 13, 13, 13, 13, 13, 13, 13, 13, 13],
       [ 3,  3,  3,  3,  3,  0,  0,  0,  0,  0,  0,  0,  0,  0,  0,  0,  0,  0,  0]])"
2,0_1,0,"[X(1,12,2,1), X(2,12,3,11), X(5,10,6,11), X(7,7,8,6), X(8,4,9,3), X(9,4,10,5)]","array([[ 0,  0,  0,  0,  8,  8,  8,  8,  8,  0,  0],
       [ 0,  0,  0,  0,  8,  3,  3,  3,  8,  0,  0],
       [ 0,  0,  0,  0,  8, -2,  9,  3,  8,  0,  0],
       [ 0,  0,  0,  0,  0,  4,  9,  3,  8,  0,  0],
       [ 6,  6,  6,  0,  0,  4,  9,  3,  8,  7,  7],
       [ 6, 11, -1, 10, 10, -2,  9,  3,  8, -2,  7],
       [ 6, 11,  5,  5,  5,  5,  0,  3,  0,  6,  0],
       [ 6, 11,  3,  3,  3,  3,  3,  3,  0,  6,  0],
       [ 6, 11, -1, 12,  0,  0,  0,  0,  0,  6,  0],
       [ 6,  0,  2, 12,  0,  0,  0,  0,  0,  6,  0],
       [ 6,  0,  2, 12,  0,  0,  0,  0,  0,  6,  0],
       [ 6,  1, -1, 12,  0,  0,  0,  0,  0,  6,  0],
       [ 6,  1,  1,  0,  0,  0,  0,  0,  0,  6,  0],
       [ 6,  6,  6,  6,  6,  6,  6,  6,  6,  6,  0]])"
3,0_1,0,"[X(2,2,3,1), X(3,1,4,16), X(4,13,5,14), X(7,12,8,13), X(8,6,9,5), X(9,6,10,7), X(11,10,12,11), X(14,16,15,15)]","array([[ 0,  0,  0,  0, 13, 13, 13, 13, 13, 13, 13, 13, 13, 13, 13, 13, 13],
       [ 0,  0,  0,  0, 13,  8,  8,  8,  8,  8,  8,  8,  8,  8,  8,  8, 13],
       [ 0,  0,  0,  0, 13, -1, 12, 12, 12, 12, 12, 12, 12, 12, 12,  8, 13],
       [ 0,  0,  0,  0,  0,  7,  0,  0,  0,  0,  0,  0,  0,  0, 12,  8, 13],
       [ 0,  0,  0,  0,  0,  7,  0,  0,  0,  0,  0,  0, 11, 11, 12,  8, 13],
       [ 0,  0,  0,  0,  9, -2, 10, 10, 10, 10, 10, 10, -1, 11, 12,  8, 13],
       [ 0,  0,  0,  0,  9,  6,  0,  0,  0,  0,  0,  0, 12, 12, 12,  8, 13],
       [ 0,  0,  0,  0,  9,  6,  0,  0,  0,  0,  0,  0,  0,  0,  0,  8, 13],
       [ 0,  0,  0,  0,  9, -2,  8,  8,  8,  8,  8,  8,  8,  8,  8,  8, 13],
       [ 0,  0,  0,  0,  0,  5,  0,  0,  0,  0,  0,  0,  0,  0,  0,  0, 13],
       [16, 16, 16,  0,  0,  5,  0,  0,  0,  0,  0,  0,  0,  0,  0,  0, 13],
       [16, 15, -2, 14, 14, -1, 13, 13, 13, 13, 13, 13, 13, 13, 13, 13, 13],
       [16, 15, 15,  0,  0,  4,  0,  0,  0,  0,  0,  0,  0,  0,  0,  0,  0],
       [16,  0,  0,  0,  0,  4,  0,  0,  3,  3,  3,  0,  0,  0,  0,  0,  0],
       [16, 16, 16, 16, 16, -1,  1,  1, -1,  2,  3,  0,  0,  0,  0,  0,  0],
       [ 0,  0,  0,  0,  0,  3,  0,  0,  2,  2,  3,  0,  0,  0,  0,  0,  0],
       [ 0,  0,  0,  0,  0,  3,  3,  3,  3,  3,  3,  0,  0,  0,  0,  0,  0]])"
4,0_1,0,"[X(1,15,16,16), X(1,12,2,13), X(5,7,6,6), X(7,4,8,5), X(8,12,9,11), X(9,2,10,3), X(10,4,11,3), X(14,14,15,13)]","array([[ 0,  2,  2,  2,  2,  2,  2,  2,  2,  2,  2,  2,  2,  2],
       [ 0,  2,  0,  0,  0,  0, 16, 16,  0,  0,  0, 14, 14,  2],
       [ 0,  2,  0,  0,  0,  0, 16, -1, 15, 15, 15, -2, 14,  2],
       [ 0,  2,  0,  0,  0,  0,  0,  1, 13, 13, 13, 13,  0,  2],
       [ 0,  2,  0,  0,  0,  0,  0,  1, 13,  0,  0,  0,  0,  2],
       [ 0,  2,  0,  0,  0,  0, 12, -1, 13,  0,  0,  0,  0,  2],
       [ 0,  2,  0,  0,  0,  0, 12,  2,  2,  2,  2,  2,  2,  2],
       [ 0,  2,  0,  0, 12, 12, 12,  4,  4,  4,  0,  0,  0,  0],
       [10, -2,  9,  9, -2,  8,  8, -2,  7,  4,  0,  0,  0,  0],
       [10,  3,  0,  0, 11,  0,  0,  5,  7,  4,  4,  0,  0,  0],
       [10,  3,  0,  0, 11,  0,  0,  5,  7,  7,  4,  0,  0,  0],
       [10, -2, 11, 11, 11,  0,  7, -1,  6,  7,  4,  0,  0,  0],
       [ 0,  4,  0,  0,  0,  0,  7,  6,  6,  7,  4,  0,  0,  0],
       [ 0,  4,  0,  0,  0,  0,  7,  7,  7,  7,  4,  0,  0,  0],
       [ 0,  4,  4,  4,  4,  4,  4,  4,  4,  4,  4,  0,  0,  0]])"
5,0_1,0,"[X(5,4,6,5), X(7,7,8,6), X(8,2,9,1), X(9,14,10,15), X(10,3,11,4), X(11,13,12,12), X(13,3,14,2), X(15,1,16,16)]","array([[ 5,  5,  6,  6,  6,  0,  0,  1,  1,  1,  1,  1,  0,  0,  0],
       [ 5, -2,  6,  7, -2,  8,  8, -2,  9,  0,  0,  1,  0,  0,  0],
       [ 0,  4,  0,  7,  7,  0,  0,  2,  9,  0,  0,  1,  0,  0,  0],
       [ 0,  4,  0,  0,  0,  0,  0,  2,  9,  9,  0,  1,  0,  0,  0],
       [ 0,  4,  0,  0,  0,  0, 13, -2, 14,  9,  0,  1,  0,  0,  0],
       [ 0,  4,  0,  0,  0,  0, 13,  3, 14,  9,  9,  1,  0,  0,  0],
       [ 0,  4,  0,  0, 13, 13, 13,  3, 14, 14,  9,  1,  0,  0,  0],
       [ 0,  4,  0, 12, -2, 11, 11, -2, 10, 14,  9,  1,  0,  0,  0],
       [ 0,  4,  0, 12, 12,  0,  0,  4, 10, 14,  9,  1, 15, 15, 15],
       [ 0,  4,  0,  0,  0,  0,  0,  4, 10, 14,  9,  1, -1, 16, 15],
       [ 0,  4,  4,  4,  4,  4,  4,  4, 10, 14,  9,  0, 16, 16, 15],
       [ 0,  0,  0,  0,  0,  0, 10, 10, 10, 14,  9,  0,  0,  0, 15],
       [ 0,  0,  0,  0,  0,  0, 10, 14, 14, 14,  9,  0,  0,  0, 15],
       [ 0,  0,  0,  0,  0,  0, 10, -2,  9,  9,  9,  0,  0,  0, 15],
       [ 0,  0,  0,  0,  0,  0,  0, 15, 15, 15, 15, 15, 15, 15, 15]])"
6,0_1,0,"[X(1,9,2,8), X(7,7,8,6), X(10,6,11,5), X(11,2,12,3), X(13,5,14,4), X(14,3,15,4), X(15,12,16,13), X(16,9,17,10), X(17,1,18,18)]","array([[ 0,  0,  0,  0,  0,  0,  0, 10, 10, 10, 10, 10, 10, 10, 10, 10, 10, 10, 10, 10],
       [10, 10, 10, 10, 10, 10, 10, 10, 16, 16, 16, 16, 16, 16, 16, 16, 16, 16, 16, 10],
       [10,  5,  5,  5, 16, 16, 16, 16, 16, 12, 12, 12, 12, 12, 12, 12, 12,  0, 16, 10],
       [10, -2, 11,  5, 16, 12, 12, 12, 12, 12, 15, 15, 15, 15, 15, 15, 12,  0, 16, 10],
       [ 0,  6, 11,  5, 16, 12, 15, 15, 15, 15, 15,  4,  4,  4,  4, 15, 12,  0, 16, 10],
       [ 0,  6, 11,  5, 16, 12, -1, 13, 13, 13, 13, -2, 14, 14, -2, 15, 12,  0, 16, 10],
       [ 0,  6, 11,  5, 16, 16, 16,  0,  0,  0,  0,  5,  0,  0,  3,  0, 12,  0, 16, 10],
       [ 0,  6, 11,  5,  5,  5,  5,  5,  5,  5,  5,  5,  0,  0,  3,  0, 12,  0, 16, 10],
       [ 0,  6, 11,  0,  0,  0,  0,  0,  0,  0,  0,  0,  0,  0,  3,  0, 12,  0, 16, 10],
       [ 0,  6, 11, 11, 11, 11, 11, 11, 11, 11, 11, 11, 11, 11, -2, 12, 12,  0, 16, 10],
       [ 0,  6,  0,  0,  0,  0,  0,  0,  0,  0,  0,  0,  0,  0,  2,  0,  0,  0, 16, 10],
       [ 0,  6,  0,  0,  0,  0,  0,  0,  0,  0,  0,  0,  0,  0,  2,  0,  0,  0, 16, 10],
       [ 7, -2,  8,  8,  8,  8,  8,  8,  8,  8,  8,  8,  8,  8, -1,  9,  9,  9, -1, 10],
       [ 7,  7,  0,  0,  0,  0,  0,  0,  0,  0,  0,  0,  0,  0,  1, 17, 17, 17, 17,  0],
       [ 0,  0,  0,  0,  0,  0,  0,  0,  0,  0,  0,  0,  0,  0,  1, 17,  0,  0,  0,  0],
       [ 0,  0,  0,  0,  0,  0,  0,  0,  0,  0,  0,  0,  0, 18, -2, 17,  0,  0,  0,  0],
       [ 0,  0,  0,  0,  0,  0,  0,  0,  0,  0,  0,  0,  0, 18, 18,  0,  0,  0,  0,  0]])"
7,0_1,0,"[X(1,10,2,1), X(2,5,3,6), X(4,8,5,7), X(8,4,9,3), X(9,7,10,6)]","array([[ 0,  0,  2,  2,  2,  2,  2,  2,  2,  0,  0],
       [ 0,  0,  2,  0,  0,  5,  5,  5,  2,  0,  0],
       [ 0,  0,  2,  0,  0,  5,  3, -2,  2,  0,  0],
       [ 0,  0,  2,  0,  0,  5,  3,  6,  0,  0,  0],
       [ 0,  0,  2,  0,  5,  5,  3,  6,  0,  0,  0],
       [ 0,  0,  2,  0,  5,  3,  3,  6,  0,  0,  0],
       [ 0,  0,  2,  0,  5,  3,  9, -2, 10,  0,  0],
       [ 0,  0,  2,  0,  5,  3,  9,  7, 10,  0,  0],
       [ 1,  1,  2,  0,  5,  3,  9,  7, 10,  0,  0],
       [ 1, -2,  2,  0,  5,  3,  9,  7, 10,  0,  0],
       [ 0, 10,  0,  5,  5,  3,  9,  7, 10,  0,  0],
       [ 0, 10,  0,  5,  3,  3,  9,  7, 10,  0,  0],
       [ 0, 10,  0,  5,  3,  9,  9,  7, 10, 10, 10],
       [ 0, 10,  0,  5,  3,  9,  4, -2,  5,  5, 10],
       [ 0, 10,  0,  5,  3,  9,  4,  8,  0,  5, 10],
       [ 0, 10,  0,  5,  3,  9,  4,  8,  0,  5, 10],
       [ 0, 10,  0,  5,  3,  9,  4, -1,  3,  5, 10],
       [ 0, 10,  0,  5,  3,  9,  9,  9,  3,  5, 10],
       [ 0, 10,  0,  5,  3,  3,  3,  3,  3,  5, 10],
       [ 0, 10,  0,  5,  5,  5,  5,  5,  5,  5, 10],
       [ 0, 10, 10, 10, 10, 10, 10, 10, 10, 10, 10]])"
8,0_1,0,"[X(2,1,3,2), X(4,4,5,3), X(6,5,7,6), X(7,10,8,1), X(9,8,10,9)]","array([[ 0, 10, 10, 10, 10,  0,  0,  0,  0,  0,  0,  0,  0,  0],
       [ 9, -1,  8,  0, 10,  0,  0,  0,  0,  0,  0,  0,  0,  0],
       [ 9,  9,  8,  0, 10,  0,  0,  0,  0,  0,  0,  0,  0,  0],
       [ 0,  0,  8,  0, 10,  0,  0,  0,  0,  0,  1,  1,  1,  1],
       [ 0,  0,  8,  0, 10,  0,  0,  5,  5,  5,  1,  2,  2,  1],
       [ 0,  0,  8,  8, -2,  7,  7, -2,  6,  5,  1, -1,  2,  1],
       [ 0,  0,  0,  0,  1,  0,  0,  6,  6,  5,  0,  3,  0,  1],
       [ 0,  0,  0,  0,  1,  0,  0,  0,  0,  5,  0,  3,  0,  1],
       [ 0,  0,  0,  0,  1,  0,  0,  0,  0,  5,  4, -2,  5,  1],
       [ 0,  0,  0,  0,  1,  0,  0,  0,  0,  5,  4,  4,  5,  1],
       [ 0,  0,  0,  0,  1,  0,  0,  0,  0,  5,  5,  5,  5,  1],
       [ 0,  0,  0,  0,  1,  1,  1,  1,  1,  1,  1,  1,  1,  1]])"
9,0_1,0,"[X(1,11,12,12), X(2,1,3,2), X(4,3,5,4), X(5,6,6,7), X(8,7,9,8), X(10,9,11,10)]","array([[ 0,  0,  0,  0,  0,  0,  1,  1,  1,  1,  0,  0,  0,  0],
       [ 0,  0,  0,  0,  0,  0,  1, 12, 12,  1,  0,  0,  0,  0],
       [ 0,  0,  0,  0,  0,  0,  1, -2, 12,  1,  1,  1,  1,  1],
       [ 0,  0,  0,  0,  0,  0,  0, 11, 11, 11, 11, 11, 11,  1],
       [ 0,  0,  0,  0,  0,  0,  8,  8,  0,  0, 10, 10, 11,  1],
       [ 0,  0,  0,  0,  0,  0,  8, -2,  9,  9, -1, 10, 11,  1],
       [ 0,  0,  0,  0,  0,  0,  0,  7,  0,  0, 11, 11, 11,  1],
       [ 0,  0,  0,  0,  0,  0,  7,  7,  0,  0,  0,  0,  0,  1],
       [ 0,  0,  0,  0,  0,  0,  7,  6,  6,  0,  0,  0,  0,  1],
       [ 0,  0,  0,  0,  0,  0,  7, -1,  6,  0,  0,  0,  0,  1],
       [ 0,  5,  5,  5,  5,  5,  5,  5,  0,  0,  0,  0,  0,  1],
       [ 0,  5,  3,  3,  3,  0,  0,  0,  0,  0,  0,  0,  0,  1],
       [ 4, -1,  3,  2, -1,  1,  1,  1,  1,  1,  1,  1,  1,  1],
       [ 4,  4,  0,  2,  2,  0,  0,  0,  0,  0,  0,  0,  0,  0]])"
10,3_1,3,"[X(2,15,3,16), X(3,15,4,14), X(5,5,6,4), X(8,13,9,14), X(10,1,11,2), X(11,7,12,6), X(12,7,13,8), X(16,9,1,10)]","array([[ 9,  9,  9,  9,  9,  9,  9,  9,  9,  9,  9,  0,  0,  0,  0,  0,  0,  0,  0,  0],
       [ 9, 11, 11, 11, 11, 11, 11, 11, 11, 11,  9,  0,  0,  0,  0,  0,  0,  0,  0,  0],
       [ 9, 11,  2,  2,  2,  2,  2,  2,  2, 11,  9,  0,  0,  0,  0,  0,  0,  0,  0,  0],
       [ 9, 11,  2, 10, 10, 10, 10, 10,  2, 11,  9,  0,  0,  0,  0,  0,  0,  0,  0,  0],
       [ 9, 11,  2, 10,  0,  0,  1, -1,  2, 11,  9,  0,  0,  0,  0,  0,  0,  0,  0,  0],
       [ 9, 11,  2, 10,  0,  0,  1, 11, 11, 11,  9,  0,  0,  0,  0,  0,  0,  0,  0,  0],
       [ 9, 11,  2, 10,  1,  1,  1,  0,  0,  0,  9,  0,  0,  0,  0,  0,  0,  0,  0,  0],
       [ 9, 11,  2, 10, -1,  9,  9,  9,  9,  9,  9,  0,  0,  0,  0,  0,  0,  0,  0,  0],
       [ 9, 11,  2,  0, 16, 16, 16, 16, 16, 16, 16,  0,  0,  0,  0, 14, 14, 14, 14, 14],
       [ 9, 11,  2,  0,  0,  0,  0,  0,  0,  0, 16,  0,  0, 14, 14, 14,  6,  6,  6, 14],
       [ 9, 11,  2,  2,  2,  2,  2,  2,  2,  2, -2,  3,  3, -2,  4,  4, -1,  5,  6, 14],
       [ 9, 11, 11, 11, 11, 11, 11, 11,  0,  0, 15, 15, 15, 15,  0,  0,  5,  5,  6, 14],
       [ 9, 13, 13, 13, 13,  0,  0, 11,  0,  0,  0,  0,  0,  0,  0,  0,  0,  0,  6, 14],
       [ 9, -2,  8,  8, -1,  7,  7, -1,  6,  6,  6,  6,  6,  6,  6,  6,  6,  6,  6, 14],
       [ 0, 14,  0,  0, 12, 12, 12, 12, 14, 14, 14, 14, 14, 14, 14, 14, 14, 14, 14, 14],
       [ 0, 14, 14, 14, 14, 14, 14, 14, 14,  0,  0,  0,  0,  0,  0,  0,  0,  0,  0,  0]])"
11,3_1,3,"[X(1,10,14,9), X(2,8,3,7), X(3,8,4,9), X(4,2,5,1), X(5,12,6,13), X(10,13,11,14), X(11,6,12,7)]","array([[ 4,  4,  4,  4,  4,  4,  4,  4,  4,  4,  4,  4,  4,  0,  0,  0,  0],
       [ 4,  0,  0,  0,  2,  2,  2,  2,  2,  2,  2,  2,  4,  0,  0,  0,  0],
       [ 4,  0,  2,  2,  2, 12, 12, 12, 12,  0,  0,  2,  4,  0,  9,  9,  9],
       [ 4,  8, -1,  7,  7, -1,  6,  6, -2,  5,  5, -2,  4,  1, -2, 14,  9],
       [ 4,  8,  3,  0,  0, 11,  0,  0, 13, 13, 13,  1,  1,  1, 10, 14,  9],
       [ 4,  8,  3,  0,  0, 11,  0,  0,  0,  0, 13,  0,  0,  0, 10, 14,  9],
       [ 4,  8, -1,  9,  0, 11,  0,  0,  0,  0, 13, 13, 13, 13, -1, 14,  9],
       [ 4,  4,  4,  9,  0, 11, 11, 11, 11, 11, 11, 11, 11, 11, 11,  0,  9],
       [ 0,  0,  0,  9,  9,  9,  9,  9,  9,  9,  9,  9,  9,  9,  9,  9,  9]])"
12,3_1,3,"[X(1,6,2,7), X(2,11,3,12), X(3,15,4,14), X(4,15,5,16), X(5,11,6,10), X(7,12,8,13), X(9,16,10,1), X(13,8,14,9)]","array([[ 9,  9,  9,  9,  9,  9,  9,  9,  9,  9,  9,  9,  9,  9],
       [ 9,  1,  1,  1,  1,  1,  1,  1,  0,  0,  0,  0,  0,  9],
       [ 9,  1, 10, 10, 10, 10, 10,  1,  0,  0,  0,  0,  0,  9],
       [ 9,  1, 10, 16, 16, 16, 10,  1,  0,  0,  0,  0,  0,  9],
       [ 9,  1, 10, -2,  9, 16, 10,  1,  0,  0,  0,  0,  0,  9],
       [ 9,  1,  1,  1,  9, 16, 10,  1,  0,  0,  0,  0,  0,  9],
       [ 9,  9,  9,  9,  9, 16, 10,  1,  0,  0,  0,  0,  0,  9],
       [16, 16, 16, 16, 16, 16, 10,  1,  0,  0,  0,  0,  0,  9],
       [16,  5,  5,  5,  0,  0, 10,  1,  0,  0,  0,  0,  0,  9],
       [16,  5, 11, -1, 10, 10, 10,  1,  0,  0,  0,  0,  0,  9],
       [16,  5, 11,  6,  6,  6,  0,  1,  0,  0,  0,  0,  0,  9],
       [16,  5, 11,  0,  0,  6,  1,  1,  0, 13, 13, 13, 13,  9],
       [16,  5, 11,  0,  0,  6, -1,  7,  7, -2,  8,  0, 13,  9],
       [16,  5, 11,  0,  0,  0,  2,  0,  0, 12,  8,  0, 13,  9],
       [16,  5, 11,  0,  0,  0,  2,  0,  0, 12,  8,  0, 13,  9],
       [16,  5, 11, 11, 11, 11, -1, 12, 12, 12,  8,  8, -1,  9],
       [16,  5,  0,  0,  0,  0,  3, 14, 14, 14, 14, 14, 14,  0],
       [16,  5,  0,  0,  0,  0,  3, 14,  0,  0,  0,  0,  0,  0],
       [16,  5,  0,  0,  0, 15, -1, 14,  0,  0,  0,  0,  0,  0],
       [16,  5,  0,  0,  0, 15,  4,  0,  0,  0,  0,  0,  0,  0],
       [16,  5,  0,  0,  0, 15,  4,  0,  0,  0,  0,  0,  0,  0],
       [16,  5,  0,  0,  0, 15, -1, 16,  0,  0,  0,  0,  0,  0],
       [16,  5,  5,  5,  5,  5,  5, 16,  0,  0,  0,  0,  0,  0],
       [16, 16, 16, 16, 16, 16, 16, 16,  0,  0,  0,  0,  0,  0]])"
13,3_1,3,"[X(1,6,2,7), X(3,14,4,1), X(4,9,5,10), X(5,11,6,10), X(7,2,8,3), X(11,9,12,8), X(12,13,13,14)]","array([[ 9,  9,  9,  9,  9,  0,  0,  0,  0,  0,  0,  0,  0,  0,  0],
       [ 9, 11, 11, 11,  9,  9,  9,  0,  0, 14, 14, 14, 14, 14, 14],
       [ 9, 11,  6, -2,  5,  5, -2,  4,  4, -2,  3,  3,  3,  3, 14],
       [ 9, 11,  6, 10, 10, 10, 10,  0,  0,  1,  0,  0,  0,  3, 14],
       [ 9, 11,  6,  0,  0,  0,  0,  0,  0,  1,  0,  0,  0,  3, 14],
       [ 9, 11,  6,  6,  6,  6,  6,  6,  6, -1,  7,  7,  7,  3, 14],
       [ 9, 11,  0,  0,  0,  0,  0,  0,  0,  2,  2,  2,  7,  3, 14],
       [ 9, 11,  0,  0,  0,  0,  0,  0,  0,  0,  0,  2,  7,  3, 14],
       [ 9, 11,  0,  0,  0,  0,  0,  0,  0,  0,  0,  2, -1,  3, 14],
       [ 9, 11,  0,  0,  0,  0,  0,  0,  0,  0,  0,  0,  8,  0, 14],
       [ 9, 11, 11, 11, 11, 11, 11, 11, 11, 11,  0,  0,  8,  0, 14],
       [ 9,  9,  9,  9,  9,  9,  9,  9,  9, -1,  8,  8,  8,  0, 14],
       [ 0,  0,  0,  0,  0,  0,  0,  0,  0, 12, 12, 12, 12,  0, 14],
       [ 0,  0,  0,  0,  0,  0,  0,  0,  0,  0,  0,  0, 12,  0, 14],
       [ 0,  0,  0,  0,  0,  0,  0,  0,  0,  0,  0, 13, -1, 14, 14],
       [ 0,  0,  0,  0,  0,  0,  0,  0,  0,  0,  0, 13, 13,  0,  0]])"
14,3_1,3,"[X(2,7,3,8), X(3,9,4,8), X(4,9,5,10), X(5,12,6,1), X(10,1,11,2), X(11,6,12,7)]","array([[ 0,  5,  5,  5,  0,  0,  0,  0],
       [ 0,  5, 10, -1,  9,  0,  0,  0],
       [ 5,  5, 10,  4,  9,  0,  0,  0],
       [ 5, 10, 10,  4,  9,  0,  0,  0],
       [ 5, 10,  8, -1,  9,  0,  0,  0],
       [ 5, 10,  8,  3,  0,  0,  0,  0],
       [ 5, 10,  8,  3,  0,  0,  0,  0],
       [ 5, 10,  8, -1,  7,  7,  7,  7],
       [ 5, 10,  0,  2,  0,  0,  0,  7],
       [ 5, 10,  0,  2,  0,  0,  0,  7],
       [ 5, 10, 10, -2, 11, 11, 11,  7],
       [ 5,  0,  0,  1,  0,  0, 11,  7],
       [ 5,  0,  0,  1,  0,  0, 11,  7],
       [ 5,  5,  5, -2,  6,  6, -1,  7],
       [ 0,  0,  0, 12, 12, 12, 12,  0]])"
15,3_1,3,"[X(1,6,14,5), X(2,7,3,8), X(6,1,7,2), X(10,9,11,10), X(11,9,12,8), X(12,3,13,4), X(13,5,14,4)]","array([[ 0,  0,  0,  0,  0,  0,  0,  0,  0,  1,  1,  1,  1,  1],
       [ 0,  0,  0,  0,  0,  0,  0,  0,  7, -2,  6,  0,  0,  1],
       [ 0,  0,  0,  0,  0,  0,  0,  0,  7,  2,  6,  0,  0,  1],
       [ 0,  0,  0,  0,  0,  0,  7,  7,  7,  2,  6,  0,  0,  1],
       [ 0,  0,  0,  0,  0,  3, -2,  2,  2,  2,  6,  0,  0,  1],
       [ 0,  0,  0,  0,  0,  3,  8,  0,  0,  0,  6,  0,  0,  1],
       [ 0,  0,  0,  0,  3,  3,  8,  0,  0,  0,  6,  6,  6,  1],
       [ 0,  0,  0,  0,  3, 11, -2, 12,  0,  0,  0, 14, -2,  1],
       [ 0,  0,  0,  0,  3, 11,  9, 12,  0,  0,  0, 14,  5,  0],
       [ 3,  3,  3,  3,  3, 11,  9, 12,  0,  0,  0, 14,  5,  0],
       [ 3,  0,  0, 11, 11, 11,  9, 12,  0,  0,  0, 14,  5,  0],
       [ 3,  0, 10, -1,  9,  9,  9, 12,  0,  0,  0, 14, -2, 13],
       [ 3,  0, 10, 10,  0,  0,  0, 12,  0,  0,  0,  0,  4, 13],
       [ 3,  0,  0,  0,  0,  0,  0, 12,  0,  0,  0,  0,  4, 13],
       [ 3,  0,  0,  0,  0,  0,  0, 12, 12, 12, 12, 12, -2, 13],
       [ 3,  3,  3,  3,  3,  3,  3,  3,  3,  3,  3,  3,  3,  0]])"
16,3_1,3,"[X(1,8,12,7), X(3,8,4,9), X(4,1,5,2), X(5,7,6,6), X(10,9,11,10), X(11,2,12,3)]","array([[ 0,  0,  0,  0,  0,  0,  8,  8,  8,  8,  8,  8,  8,  8,  8],
       [ 0,  0,  0,  0,  0,  0,  8,  4,  4,  4,  4,  4,  4,  4,  8],
       [ 0,  0,  0,  0,  0,  0,  8,  4, 11, 11, 11, 11, 11,  4,  8],
       [ 0,  0,  0,  0,  0,  0,  8,  4, 11,  0, 10, 10, 11,  4,  8],
       [ 0,  0,  0,  0,  0,  0,  8,  4, 11,  0, 10, -2, 11,  4,  8],
       [ 0,  0,  0,  0,  8,  8,  8,  4, 11,  0,  0,  9,  0,  4,  8],
       [ 0,  8,  8,  8,  8,  4,  4,  4, 11,  0,  0,  9,  0,  4,  8],
       [12, -2,  1,  1,  1, -1,  2,  2, -1,  3,  3, -2,  4,  4,  8],
       [12,  7,  7,  7,  7,  5,  0,  0, 12,  0,  0,  8,  8,  8,  8],
       [12, 12, 12, 12,  7,  5,  0,  0, 12,  0,  0,  0,  0,  0,  0],
       [ 0,  0,  0, 12,  7,  5,  0,  0, 12,  0,  0,  0,  0,  0,  0],
       [ 0,  0,  0, 12,  7, -1,  6,  0, 12,  0,  0,  0,  0,  0,  0],
       [ 0,  0,  0, 12,  0,  6,  6,  0, 12,  0,  0,  0,  0,  0,  0],
       [ 0,  0,  0, 12,  0,  0,  0,  0, 12,  0,  0,  0,  0,  0,  0],
       [ 0,  0,  0, 12, 12, 12, 12, 12, 12,  0,  0,  0,  0,  0,  0]])"
17,3_1,3,"[X(4,12,5,11), X(5,12,6,13), X(6,2,7,1), X(8,15,9,16), X(9,2,10,3), X(10,4,11,3), X(14,7,15,8), X(16,13,1,14)]","array([[ 0,  0,  0,  0,  0,  0,  0,  0,  9,  9,  9,  9,  9,  9,  9,  9,  9],
       [ 0,  0,  0,  0,  0,  9,  9,  9,  9,  7,  7,  7,  7,  7,  7,  7,  9],
       [ 0,  0,  0,  0,  0,  9,  7,  7,  7,  7, 14, 14, 14, 14, 14,  7,  9],
       [ 0,  0,  0,  0,  0,  9,  7, 14, 14, 14, 14, 16, 16, 16, 14,  7,  9],
       [ 0,  0,  0,  0,  0,  9,  7, -1,  8,  0,  0, 16, 13, -1, 14,  7,  9],
       [11, 11, 11, 11, 11,  9,  9, 15,  8,  0,  0, 16, 13,  1,  0,  7,  9],
       [11,  4,  4,  4, 11,  0,  9, 15,  8,  0,  0, 16, 13,  1,  0,  7,  9],
       [11,  4, 12, -1, 11,  0,  9, -2,  8,  0,  0, 16, 13,  1,  0,  7,  9],
       [11,  4, 12,  5,  0,  0,  0, 16, 16, 16, 16, 16, 13,  1,  0,  7,  9],
       [11,  4, 12,  5, 13, 13, 13, 13, 13, 13, 13, 13, 13,  1,  0,  7,  9],
       [11,  4, 12, -1, 13,  6,  6,  6,  6,  6,  6,  6,  6, -2,  7,  7,  9],
       [11,  4,  0,  6,  6,  6,  0,  0,  0,  0,  0,  0,  0,  2,  0,  0,  9],
       [11,  4,  0,  0,  0,  0,  0,  0,  0,  0,  0,  0,  0,  2,  0,  0,  9],
       [11,  4,  0,  0,  0,  0,  0,  0,  0,  0,  0,  0, 10, -2,  9,  9,  9],
       [11,  4,  0,  0,  0,  0,  0,  0,  0,  0,  0,  0, 10,  3,  0,  0,  0],
       [11,  4,  0,  0,  0,  0,  0,  0,  0,  0,  0,  0, 10,  3,  0,  0,  0],
       [11,  4,  0,  0,  0,  0,  0,  0,  0,  0,  0,  0, 10, -2, 11,  0,  0],
       [11,  4,  4,  4,  4,  4,  4,  4,  4,  4,  4,  4,  4,  4, 11,  0,  0],
       [11, 11, 11, 11, 11, 11, 11, 11, 11, 11, 11, 11, 11, 11, 11,  0,  0]])"
18,3_1,3,"[X(1,12,2,13), X(5,16,6,1), X(6,4,7,3), X(8,8,9,7), X(10,10,11,9), X(11,2,12,3), X(13,4,14,5), X(14,15,15,16)]","array([[ 0,  0,  0,  0,  0, 15, 15,  0],
       [ 0,  0,  0,  0, 16, -1, 15,  0],
       [ 0,  0,  0,  0, 16, 14,  0,  0],
       [ 0,  0, 16, 16, 16, 14,  0,  0],
       [ 0,  6, -2,  5,  5, -1,  4,  0],
       [ 0,  6,  1,  0,  0, 13,  4,  0],
       [ 6,  6,  1,  0,  0, 13,  4,  0],
       [ 6, 12, -1, 13, 13, 13,  4,  0],
       [ 6, 12,  2,  0,  0,  0,  4,  0],
       [ 6, 12,  2,  0,  0,  0,  4,  0],
       [ 6, 12, -2, 11,  0,  0,  4,  0],
       [ 6,  0,  3, 11,  0,  0,  4,  4],
       [ 6,  0,  3, 11,  0, 10, 10,  4],
       [ 6,  0,  3, 11, 11, -2, 10,  4],
       [ 6,  0,  3,  0,  0,  9,  0,  4],
       [ 6,  0,  3,  0,  0,  9,  0,  4],
       [ 6,  6, -2,  7,  7, -1,  8,  4],
       [ 0,  0,  4,  0,  0,  8,  8,  4],
       [ 0,  0,  4,  4,  4,  4,  4,  4]])"
19,3_1,3,"[X(1,4,2,5), X(2,13,3,14), X(5,16,6,1), X(6,3,7,4), X(8,8,9,7), X(9,10,10,11), X(12,12,13,11), X(14,16,15,15)]","array([[ 3,  3,  3,  3,  3,  3,  3,  3,  3,  3,  0,  0,  0,  0,  0,  0],
       [ 3, 12, 12,  0,  0, 10, 10,  8,  8,  3,  3,  3,  0,  0,  0,  0],
       [ 3, 12, -1, 11, 11, -1, 10,  8, -1,  7,  7, -2,  6,  6,  6,  0],
       [ 3,  0, 13, 13, 13,  9,  9,  9,  9,  0,  0,  4,  0,  0,  6,  0],
       [ 3,  0,  0,  0, 13, 13, 13, 13, 13,  0,  0,  4,  0,  0,  6,  0],
       [ 3,  3,  3,  3,  3,  3,  3,  3, -2,  2,  2, -2,  1,  1, -1, 16],
       [ 0,  0,  0,  0,  0,  0,  0,  0, 14,  0,  0,  5,  5,  5,  5, 16],
       [ 0,  0,  0,  0,  0,  0,  0,  0, 14,  0,  0,  0,  0,  0,  0, 16],
       [ 0,  0,  0,  0,  0,  0,  0, 16, -1, 15, 16, 16, 16, 16, 16, 16],
       [ 0,  0,  0,  0,  0,  0,  0, 16, 15, 15, 16,  0,  0,  0,  0,  0],
       [ 0,  0,  0,  0,  0,  0,  0, 16, 16, 16, 16,  0,  0,  0,  0,  0]])"
20,4_1,4,"[X(1,7,16,8), X(2,15,3,16), X(3,12,4,13), X(4,10,5,9), X(6,2,7,1), X(11,10,12,11), X(13,9,14,8), X(14,5,15,6)]","array([[ 9,  9,  9,  9,  9,  9,  9,  9,  9,  9,  9,  9,  9,  9,  9,  9,  9,  0,  0],
       [ 9,  5,  5,  5,  5,  5, 14, 14, 14, 14, 14, 14, 14, 14, 14, 14,  9,  0,  0],
       [ 9,  5, 11, 11,  0,  5, 14,  6,  6,  6,  6,  6,  6,  6,  0, 14,  9,  0,  0],
       [ 9,  5, 11, -2, 12,  5, 14, -2, 15, 15, 15,  0,  0,  6,  0, 14, -2, 13,  0],
       [ 9,  5,  0, 10, 12,  5,  5,  5,  0,  0, 15,  0,  0,  6,  0,  0,  8, 13,  0],
       [ 9,  5,  0, 10, 12, 12, 12, 12,  0,  0, 15,  0,  0,  6,  0,  0,  8, 13, 13],
       [ 9,  5,  5, -2,  4,  4,  4, -2,  3,  3, -2,  2,  2, -1,  1,  1, -2, 16, 13],
       [ 9,  9,  9,  9,  0,  0,  0, 13,  0,  0, 16,  0,  0,  7,  7,  7,  7, 16, 13],
       [ 0,  0,  0,  0,  0,  0,  0, 13,  0,  0, 16, 16, 16, 16, 16, 16, 16, 16, 13],
       [ 0,  0,  0,  0,  0,  0,  0, 13, 13, 13, 13, 13, 13, 13, 13, 13, 13, 13, 13]])"
21,4_1,4,"[X(1,5,2,4), X(3,6,4,7), X(5,1,6,8), X(7,2,8,3)]","array([[ 6,  6,  6,  6,  6,  0],
       [ 6,  8,  8,  8,  6,  0],
       [ 6,  8,  5, -2,  6,  0],
       [ 6,  8,  5,  1,  0,  0],
       [ 6,  8,  5,  1,  0,  0],
       [ 6,  8,  5, -1,  4,  0],
       [ 6,  8,  0,  2,  4,  0],
       [ 6,  8,  0,  2,  4,  4],
       [ 6,  8,  8, -2,  7,  4],
       [ 6,  0,  0,  3,  7,  4],
       [ 6,  0,  0,  3,  7,  4],
       [ 6,  6,  6, -1,  7,  4],
       [ 0,  0,  0,  4,  4,  4]])"
22,4_1,4,"[X(1,11,14,12), X(2,10,3,9), X(3,10,4,11), X(5,4,6,5), X(6,13,7,14), X(8,2,9,1), X(12,7,13,8)]","array([[ 0,  0,  0,  0,  0,  0,  8,  8,  8,  8,  8,  8,  8,  0],
       [ 0,  8,  8,  8,  8,  8,  8,  2,  2,  2,  2,  2,  8,  0],
       [12, -2, 13,  0,  0,  0, 10, -1,  9,  9,  9,  2,  8,  0],
       [12,  7, 13,  0,  0,  0, 10,  3,  0,  0,  9,  2,  8,  0],
       [12,  7, 13,  0,  0,  0, 10,  3,  0,  0,  9,  2,  8,  0],
       [12,  7, 13,  0,  0,  0, 10, -1, 11,  0,  9,  2,  8,  0],
       [12,  7, 13,  0,  0,  0,  0,  4, 11,  0,  9,  2,  8,  0],
       [12,  7, 13, 13, 13,  0,  0,  4, 11, 11,  9,  2,  8,  0],
       [12,  7,  7,  7, -2,  6,  6, -2,  5, 11,  9,  2, -1,  1],
       [12,  0,  0,  0, 14,  0,  0,  5,  5, 11,  9,  9,  9,  1],
       [12,  0,  0,  0, 14,  0,  0,  0,  0, 11,  0,  0,  0,  1],
       [12, 12, 12, 12, -1, 11, 11, 11, 11, 11,  0,  0,  0,  1],
       [ 0,  0,  0,  0,  1,  1,  1,  1,  1,  1,  1,  1,  1,  1]])"
23,4_1,4,"[X(1,9,16,10), X(2,8,3,7), X(3,12,4,13), X(8,2,9,1), X(10,6,11,5), X(11,4,12,5), X(13,15,14,14), X(15,6,16,7)]","array([[ 0,  0,  0,  0,  0,  0,  0,  0,  0,  0,  0,  0,  0,  0,  0, 11, 11, 11, 11,  0,  0,  0,  0,  0,  0,  0,  0,  0],
       [ 4,  4,  4,  4,  4,  4,  4,  4,  4,  4,  4,  4,  4,  4,  4, -1,  5,  5, -1,  6,  0,  0,  0,  0,  0,  0,  0,  0],
       [ 4, 12, 12, 12, 12, 12, 12, 12, 12, 12, 12, 12, 12, 12, 12, 12,  0,  0, 10,  6,  0,  0,  0,  0,  0,  0,  0,  0],
       [ 4, 12,  8,  8,  8,  8,  8,  8,  8,  8,  8,  8,  8,  8,  0,  0,  0,  0, 10,  6,  0,  0,  0,  0,  0,  0,  0,  0],
       [ 4, 12,  8,  2,  2,  2,  2,  2,  2,  2,  2,  2,  2,  8,  0,  0,  0,  0, 10,  6,  0,  0,  0,  0,  0,  0,  0,  0],
       [ 4, 12,  8,  2,  7,  7,  7,  7,  7,  7,  7,  7,  2,  8,  0,  0,  0,  0, 10,  6,  0,  0,  0,  0,  0,  0,  0,  0],
       [ 4, 12,  8,  2,  7, 13, 13, 13, 13, 13, 13,  7,  2,  8,  0,  0,  0,  0, 10,  6,  0,  0,  0,  0,  0,  0,  0,  0],
       [ 4, 12,  8,  2,  7, 13,  4,  4,  4,  4, 13,  7,  2,  8,  8,  8,  0,  0, 10,  6,  6,  6,  6,  0,  0, 13, 13, 13],
       [ 4, 12,  8,  2,  7, 13, -1, 12, 12,  4, 13,  7,  2,  2,  2, -1,  1,  1, -2, 16, 16, 16, -2, 15, 15, -1, 14, 13],
       [ 4, 12,  8,  2,  7,  0,  3,  0, 12,  4, 13,  7,  0,  0,  0,  9,  9,  9,  9,  7,  7,  7,  7,  0,  0, 14, 14, 13],
       [ 4, 12,  8,  2,  7,  0,  3,  0, 12,  4, 13,  7,  7,  7,  7,  7,  7,  7,  7,  7, 13, 13, 13, 13, 13, 13, 13, 13],
       [ 4, 12,  8,  2,  7,  0,  3,  0, 12,  4, 13, 13, 13, 13, 13, 13, 13, 13, 13, 13, 13,  0,  0,  0,  0,  0,  0,  0],
       [ 4, 12,  8,  2,  7,  0,  3,  0, 12,  4,  0,  0,  0,  0,  0,  0,  0,  0,  0,  0,  0,  0,  0,  0,  0,  0,  0,  0],
       [ 4, 12,  8,  2,  7,  7, -1,  8, 12,  4,  0,  0,  0,  0,  0,  0,  0,  0,  0,  0,  0,  0,  0,  0,  0,  0,  0,  0],
       [ 4, 12,  8,  2,  2,  2,  2,  8, 12,  4,  0,  0,  0,  0,  0,  0,  0,  0,  0,  0,  0,  0,  0,  0,  0,  0,  0,  0],
       [ 4, 12,  8,  8,  8,  8,  8,  8, 12,  4,  0,  0,  0,  0,  0,  0,  0,  0,  0,  0,  0,  0,  0,  0,  0,  0,  0,  0],
       [ 4, 12, 12, 12, 12, 12, 12, 12, 12,  4,  0,  0,  0,  0,  0,  0,  0,  0,  0,  0,  0,  0,  0,  0,  0,  0,  0,  0],
       [ 4,  4,  4,  4,  4,  4,  4,  4,  4,  4,  0,  0,  0,  0,  0,  0,  0,  0,  0,  0,  0,  0,  0,  0,  0,  0,  0,  0]])"
24,4_1,4,"[X(1,9,16,10), X(5,14,6,15), X(7,7,8,6), X(8,2,9,1), X(10,16,11,15), X(11,2,12,3), X(12,4,13,3), X(13,4,14,5)]","array([[ 7,  7,  0,  0, 14, 14, 14, 14, 14, 14, 14, 14, 14, 14, 14, 14, 14, 14,  0,  0],
       [ 7, -1,  6,  6, -2,  5,  5,  5,  5,  5,  5,  5,  5,  5,  5,  5,  5, 14,  0,  0],
       [ 0,  8,  0,  0, 15,  0,  0,  0,  0,  0,  0,  0,  0,  0,  0,  0,  5, 14,  0,  0],
       [ 8,  8, 15, 15, 15,  0,  0,  0,  0,  0,  0,  0,  0,  0,  0,  0,  5, 14, 14, 14],
       [ 8, 15, 15, 11, 11, 11, 11, 11, 11,  0,  0,  0,  0,  0,  0,  0,  5,  5,  5, 14],
       [ 8, 15, 11, 11,  9,  9,  9,  9, 11, 11, 11, 11,  0,  0, 13, 13, 13, 13,  5, 14],
       [ 8, 15, 11, 16, -2,  1,  1, -1,  2,  2,  2, -1,  3,  3, -1,  4,  4, -1,  5, 14],
       [ 8, 15, 11, 16, 10, 10, 10,  8,  8,  8,  8, 12, 12, 12, 12,  0,  0, 14, 14, 14],
       [ 8, 15, 11, 16,  0,  0, 10, 15, 15, 15,  8,  0,  0,  0,  0,  0,  0,  0,  0,  0],
       [ 8, 15, 11, 16,  0,  0, 10, -2, 11, 15,  8,  0,  0,  0,  0,  0,  0,  0,  0,  0],
       [ 8, 15, 11, 16, 16, 16, 16, 16, 11, 15,  8,  0,  0,  0,  0,  0,  0,  0,  0,  0],
       [ 8, 15, 11, 11, 11, 11, 11, 11, 11, 15,  8,  0,  0,  0,  0,  0,  0,  0,  0,  0],
       [ 8, 15, 15, 15, 15, 15, 15, 15, 15, 15,  8,  0,  0,  0,  0,  0,  0,  0,  0,  0],
       [ 8,  8,  8,  8,  8,  8,  8,  8,  8,  8,  8,  0,  0,  0,  0,  0,  0,  0,  0,  0]])"
25,4_1,4,"[X(1,7,12,8), X(2,11,3,12), X(3,11,4,10), X(4,9,5,10), X(6,2,7,1), X(8,5,9,6)]","array([[ 6,  6,  6,  6,  6,  6,  6,  6,  6,  6,  6,  0,  0,  0],
       [ 6,  9,  9,  9,  9,  9,  9,  9,  9,  9,  6,  0,  0,  0],
       [ 6,  9,  5,  5,  5,  5,  5,  5,  5,  9,  6,  0,  0,  0],
       [ 6,  9,  5,  0, 10, 10, 10, 10,  5,  9,  6,  0,  0,  0],
       [ 6,  9,  5,  3, -2,  4,  4, -2,  5,  9,  6,  0,  0,  0],
       [ 6,  9,  5,  3, 11,  0,  0,  9,  9,  9,  6,  0,  0,  0],
       [ 6,  9,  5,  3, 11,  0,  0,  6,  6,  6,  6,  8,  8,  8],
       [ 6, -1,  5,  3, -2,  2,  2, -1,  1,  1,  1, -2, 12,  8],
       [ 0,  8,  0,  0, 12,  0,  0,  7,  7,  7,  7,  7, 12,  8],
       [ 0,  8,  0,  0, 12, 12, 12, 12, 12, 12, 12, 12, 12,  8],
       [ 0,  8,  8,  8,  8,  8,  8,  8,  8,  8,  8,  8,  8,  8]])"
26,4_1,4,"[X(4,13,5,14), X(5,3,6,2), X(9,9,10,8), X(10,2,11,1), X(11,6,12,7), X(12,3,13,4), X(14,8,1,7)]","array([[ 0,  0,  0,  0,  0,  0,  0,  0,  0,  0,  0,  0, 10, 10, 10, 10],
       [ 0,  0,  0,  0,  0,  0,  0,  0,  0,  0,  0,  0, 10,  9,  9, 10],
       [ 0,  0,  0,  0,  0,  0,  0,  0,  0,  0,  0,  0, 10, -2,  9, 10],
       [ 0,  0,  0,  0,  0,  0,  0,  0,  0,  0,  0,  0,  0,  8,  0, 10],
       [ 1,  1,  1,  1,  1,  1,  1,  1,  1,  1,  1,  1,  0,  8,  0, 10],
       [ 1,  7,  7,  7,  7,  7,  7,  7,  7,  7,  7,  1,  1, -2, 14, 10],
       [ 1,  7,  0,  0,  0,  4,  4,  4,  4,  4,  7,  7,  7,  7, 14, 10],
       [ 1,  7,  0,  0, 12, -2, 13, 13, 13,  4,  0,  0,  0,  0, 14, 10],
       [ 1,  7,  0,  0, 12,  3,  0,  0, 13,  4,  0,  0,  0,  0, 14, 10],
       [ 1,  7, 12, 12, 12,  3,  0,  0, 13,  4,  0,  0,  0,  0, 14, 10],
       [ 1,  7, -1,  6,  6, -2,  5,  5, 13, -1, 14, 14, 14, 14, 14, 10],
       [ 1,  0, 11, 11, 11,  2,  0,  5,  5,  5,  0,  0,  0,  0,  0, 10],
       [ 1,  0,  0,  0, 11,  2,  0,  0,  0,  0,  0,  0,  0,  0,  0, 10],
       [ 1,  0,  0,  0, 11, -2, 10, 10, 10, 10, 10, 10, 10, 10, 10, 10],
       [ 1,  1,  1,  1,  1,  1,  0,  0,  0,  0,  0,  0,  0,  0,  0,  0]])"
27,4_1,4,"[X(1,7,12,8), X(1,2,2,3), X(4,11,5,12), X(6,4,7,3), X(9,8,10,9), X(10,5,11,6)]","array([[ 5,  5,  5,  5,  5,  5,  5,  5,  5,  5,  5,  0,  0,  0,  0],
       [ 5, 11, 11, 11, 11, 11, 11, 11, 11, 11,  5,  0,  0,  0,  0],
       [ 5, 11,  0,  0,  0,  0,  0,  0,  6, -1,  5,  0,  0,  0,  0],
       [ 5, 11,  0,  0,  0,  0,  0,  0,  6, 10, 10, 10, 10, 10, 10],
       [ 5, 11,  0,  0,  0,  0,  0,  0,  6,  8,  8,  8,  8,  0, 10],
       [ 5, 11,  0,  0,  0,  0,  0,  0,  6,  8,  0, 10, -2,  9, 10],
       [ 5, 11,  0,  0,  0,  0,  0,  0,  6,  8,  0, 10,  9,  9, 10],
       [ 5, 11,  0,  0,  0,  0,  0,  0,  6,  8,  0, 10, 10, 10, 10],
       [ 5, 11,  0,  0,  6,  6,  6,  6,  6,  8,  0,  0,  0,  0,  0],
       [ 5, 11,  0,  0,  6,  0,  0,  2,  2,  8,  0,  0,  0,  0,  0],
       [ 5, -2,  4,  4, -1,  3,  3, -1,  2,  8,  0,  0,  0,  0,  0],
       [ 0, 12,  0,  0,  7,  7,  7,  1,  0,  8,  0,  0,  0,  0,  0],
       [ 0, 12,  0,  0,  0,  0,  7,  1,  0,  8,  0,  0,  0,  0,  0],
       [ 0, 12,  0,  0,  0,  0,  7, -1,  8,  8,  0,  0,  0,  0,  0],
       [ 0, 12, 12, 12, 12, 12, 12, 12,  0,  0,  0,  0,  0,  0,  0]])"
28,4_1,4,"[X(1,11,16,12), X(1,5,2,4), X(2,3,3,4), X(6,15,7,16), X(8,13,9,14), X(9,15,10,14), X(10,6,11,5), X(12,7,13,8)]","array([[ 0, 15, 15, 15,  0,  0, 13, 13, 13, 13, 13,  0,  0],
       [ 0, 15, 10, -2,  9,  9, -2,  8,  8,  8, -1,  7,  0],
       [ 0, 15, 10, 14, 14, 14, 14,  0,  0,  0, 12,  7,  0],
       [15, 15, 10,  0,  0,  0,  0,  0,  0,  0, 12,  7,  0],
       [15, 10, 10,  0,  0,  0,  0,  0,  0,  0, 12,  7,  0],
       [15, 10,  1,  1,  1,  1,  1,  1,  1,  1, 12,  7,  0],
       [15, 10,  1,  4,  4,  4,  4,  0,  0,  1, 12,  7,  0],
       [15, 10,  1, -2,  2,  2, -2,  3,  0,  1, 12,  7,  0],
       [15, 10,  0,  5,  0,  0,  3,  3,  0,  1, 12,  7,  0],
       [15, 10,  0,  5,  0,  0,  0,  0,  0,  1, 12,  7,  0],
       [15, 10, 10, -2, 11, 11, 11, 11, 11,  1, 12,  7,  0],
       [15,  0,  0,  6,  0,  0,  0,  0, 11,  1, 12,  7,  7],
       [15,  0,  0,  6,  0,  0,  0,  0, 11,  1, -2, 16,  7],
       [15, 15, 15, -1, 16,  0,  0,  0, 11, 11, 11, 16,  7],
       [ 0,  0,  0,  7, 16, 16, 16, 16, 16, 16, 16, 16,  7],
       [ 0,  0,  0,  7,  7,  7,  7,  7,  7,  7,  7,  7,  7]])"
29,4_1,4,"[X(1,7,12,8), X(2,11,3,12), X(4,2,5,1), X(6,5,7,6), X(9,9,10,8), X(10,3,11,4)]","array([[ 9,  9,  0,  0, 12, 12, 12, 12, 12, 12, 12,  0,  0,  0,  0],
       [ 9, -1,  8,  8, -1,  7,  7,  7,  7,  0, 12,  0,  0,  0,  0],
       [ 0, 10,  0,  0,  1,  0,  0,  0,  7,  0, 12,  0,  0,  0,  0],
       [ 0, 10,  0,  0,  1,  0,  6,  6,  7,  0, 12,  0,  0,  0,  0],
       [ 0, 10,  0,  0,  1,  0,  6, -2,  7,  0, 12,  0,  0,  0,  0],
       [ 0, 10,  0,  0,  1,  0,  0,  5,  0,  0, 12,  0,  0,  0,  0],
       [ 0, 10,  0,  0,  1,  0,  0,  5,  0,  0, 12,  0,  0,  0,  0],
       [ 0, 10,  0,  0,  1,  1,  1, -1,  2,  2, -2,  3,  3,  3,  0],
       [ 0, 10,  0,  0,  0,  0,  0,  4,  0,  0, 11, 11, 11,  3,  0],
       [ 0, 10,  0,  0,  0,  0,  0,  4,  0,  0,  0,  0, 11,  3,  0],
       [ 0, 10, 10, 10, 10, 10, 10,  4,  0,  0,  0,  0, 11, -2, 10],
       [ 0,  0,  0,  0,  0,  0, 10,  4,  4,  4,  4,  4,  4,  4, 10],
       [ 0,  0,  0,  0,  0,  0, 10, 10, 10, 10, 10, 10, 10, 10, 10]])"
30,5_1,5,"[X(2,9,3,10), X(3,13,4,12), X(4,11,5,12), X(6,13,7,14), X(7,16,8,1), X(10,5,11,6), X(14,1,15,2), X(15,8,16,9)]","array([[ 0,  0,  0,  0,  0,  7,  7,  7,  7,  7,  7,  7,  7,  7,  7],
       [ 0,  0,  0,  7,  7,  7, 14, 14, 14, 14, 14, 14, 14, 14,  7],
       [ 0,  7,  7,  7, 14, 14, 14, 10, 10, 10, 10,  0,  0, 14,  7],
       [16, -1,  1,  1, -1,  2,  2, -2,  3,  5, -1,  6,  6, -2,  7],
       [16,  8,  0,  0, 15,  0,  0,  9,  3,  5, 11,  0,  0, 13,  0],
       [16,  8,  0,  0, 15,  0,  0,  9,  3,  5, 11,  0,  0, 13,  0],
       [16, -2, 15, 15, 15,  0,  0,  9,  3,  5, -2,  4,  4, -2,  3],
       [ 0,  9,  9,  9,  9,  9,  9,  9,  3,  0, 12, 12, 12, 12,  3],
       [ 0,  0,  0,  0,  0,  0,  0,  0,  3,  0,  0,  0,  0,  0,  3],
       [ 0,  0,  0,  0,  0,  0,  0,  0,  3,  3,  3,  3,  3,  3,  3]])"
31,5_1,5,"[X(1,8,2,9), X(3,10,4,11), X(5,14,6,1), X(7,7,8,6), X(9,2,10,3), X(11,4,12,5), X(12,13,13,14)]","array([[14, 14, 14, 14, 14, 14, 14, 14, 14, 14, 14,  0,  0],
       [14,  5,  5,  5,  5,  5,  5,  5,  5,  5, 14, 13, 13],
       [14,  5,  9,  9,  9,  9,  9,  9,  9,  5, 14, -1, 13],
       [14,  5,  9,  2,  2,  2,  2,  2,  9,  5,  0, 12,  0],
       [14,  5,  9,  2,  8,  8,  8,  2,  9,  5,  0, 12,  0],
       [14,  5,  9,  2, -2,  1,  8,  2,  9,  5,  5, -1,  4],
       [14,  5,  9,  9,  9,  1,  8,  2,  9,  0,  0, 11,  4],
       [14,  5,  5,  5,  5,  1,  8,  2,  9,  0,  0, 11,  4],
       [14, 14, 14, 14, -1,  1,  8,  2, -1,  3,  3, -2,  4],
       [ 0,  0,  0,  0,  6,  0,  8,  0, 10, 10, 10, 10,  0],
       [ 0,  0,  0,  0,  6,  0,  8,  0,  0,  0,  0,  0,  0],
       [ 0,  0,  0,  7, -2,  8,  8,  0,  0,  0,  0,  0,  0],
       [ 0,  0,  0,  7,  7,  0,  0,  0,  0,  0,  0,  0,  0]])"
32,5_1,5,"[X(1,6,2,7), X(3,8,4,9), X(5,12,6,1), X(7,2,8,3), X(10,9,11,10), X(11,4,12,5)]","array([[ 0,  0,  0,  0,  0,  0,  0,  0,  0,  0,  5,  5,  5,  5,  5,  5,  5,  5,  5],
       [ 0,  0,  0,  5,  5,  5,  5,  5,  5,  5,  5, 11, 11, 11, 11, 11,  0,  0,  5],
       [ 0,  5,  5,  5,  7,  7,  7,  7,  0,  0,  0, 11,  9,  9,  9, 11, 11, 11,  5],
       [12, -1,  1,  1, -2,  2,  0,  7,  0,  0,  0, 11,  9,  3, -2,  4,  4, -1,  5],
       [12,  6,  6,  6,  6,  2,  0,  7,  0, 10, 10, 11,  9,  3,  8,  0,  0, 12,  0],
       [12, 12, 12, 12, 12,  2,  0,  7,  0, 10, -2, 11,  9,  3,  8,  0,  0, 12,  0],
       [ 0,  0,  0,  0, 12,  2,  0,  7,  0,  0,  9,  9,  9,  3,  8,  0,  0, 12,  0],
       [ 0,  0,  0,  0, 12,  2,  0,  7,  0,  0,  0,  0,  0,  3,  8,  0,  0, 12,  0],
       [ 0,  0,  0,  0, 12,  2,  2, -1,  3,  3,  3,  3,  3,  3,  8,  0,  0, 12,  0],
       [ 0,  0,  0,  0, 12, 12, 12,  8,  8,  8,  8,  8,  8,  8,  8,  0,  0, 12,  0],
       [ 0,  0,  0,  0,  0,  0, 12, 12, 12, 12, 12, 12, 12, 12, 12, 12, 12, 12,  0]])"
33,5_1,5,"[X(1,8,2,9), X(3,2,4,3), X(5,12,6,13), X(7,16,8,1), X(9,6,10,7), X(10,15,11,16), X(13,4,14,5), X(14,11,15,12)]","array([[ 0,  0,  0,  0,  0, 16, 16, 16, 16, 16, 16, 16, 16, 16, 16, 16, 16, 16, 16, 16, 16],
       [ 0,  0, 16, 16, 16, 16,  7,  7,  7,  7,  7,  7,  7,  7,  7,  7,  7,  7,  7,  7, 16],
       [16, 16, 16,  7,  7,  7,  7,  9,  9,  9,  9,  9,  9,  9,  9,  9,  9,  9,  9,  7, 16],
       [16,  7,  7,  7,  9,  9,  9,  9,  3,  3,  0,  0, 13, 13, 13, 13,  0,  0,  9,  7, 16],
       [16, -1,  1,  1, -2,  2,  2,  2,  3, -2,  4,  4, -1,  5,  5, -2,  6,  6, -1,  7, 16],
       [ 0,  8,  8,  8,  8,  0,  0,  2,  2,  2,  0,  0, 14,  0,  0, 12,  0,  0, 10,  0, 16],
       [ 0,  0,  0,  0,  0,  0,  0,  0,  0,  0,  0,  0, 14,  0,  0, 12,  0,  0, 10,  0, 16],
       [ 0,  0,  0,  0,  0,  0,  0,  0,  0,  0,  0,  0, 14,  0,  0, 12,  0, 15, -1, 16, 16],
       [ 0,  0,  0,  0,  0,  0,  0,  0,  0,  0,  0,  0, 14,  0,  0, 12,  0, 15, 11,  0,  0],
       [ 0,  0,  0,  0,  0,  0,  0,  0,  0,  0,  0,  0, 14,  0,  0, 12,  0, 15, 11,  0,  0],
       [ 0,  0,  0,  0,  0,  0,  0,  0,  0,  0,  0,  0, 14, 14, 14, 12,  0, 15, -2, 14,  0],
       [ 0,  0,  0,  0,  0,  0,  0,  0,  0,  0,  0,  0,  0,  0, 14, 12, 12, 12, 12, 14,  0],
       [ 0,  0,  0,  0,  0,  0,  0,  0,  0,  0,  0,  0,  0,  0, 14, 14, 14, 14, 14, 14,  0]])"
34,5_1,5,"[X(1,5,16,6), X(2,7,3,8), X(3,12,4,13), X(8,13,9,14), X(10,1,11,2), X(11,6,12,7), X(14,9,15,10), X(15,4,16,5)]","array([[ 0,  0,  0,  0,  5,  5,  5,  5,  5,  5,  5,  5,  5,  5,  5,  5],
       [ 0,  0,  0,  0,  5, 10, 10, 10, 10, 10, 10, 10,  0,  0,  0,  5],
       [ 0,  0,  0,  0,  5, 10,  0, 14, 14, 14, 14, -2, 15,  0,  0,  5],
       [ 0,  0,  0,  0,  5, 10,  0, 14,  9,  9,  9,  9, 15,  0,  0,  5],
       [ 0,  0,  0,  0,  5, 10,  0, 14,  9,  0,  0,  0, 15,  0,  0,  5],
       [ 0,  0,  0,  0,  5, 10,  0, 14, -1, 13, 13, 13, 15,  0,  0,  5],
       [ 0,  0,  0,  0,  5, 10,  0,  0,  8,  0,  0, 13, 15,  0,  0,  5],
       [ 0,  0,  5,  5,  5, 10,  0,  0,  8,  0,  0, 13, 15, 15, 15,  5],
       [ 0, 16, -2,  1,  1, -1,  2,  2, -2,  3,  3, -2,  4,  4, -1,  5],
       [ 0, 16,  6,  0,  0, 11,  0,  0,  7,  0,  0, 12,  0,  0, 16,  0],
       [16, 16,  6,  0,  0, 11,  0,  0,  7,  0,  0, 12,  0,  0, 16,  0],
       [16, 12, -2, 11, 11, 11,  0,  0,  7, 12, 12, 12,  0,  0, 16,  0],
       [16, 12,  7,  7,  7,  7,  7,  7,  7, 12,  0,  0,  0,  0, 16,  0],
       [16, 12, 12, 12, 12, 12, 12, 12, 12, 12,  0,  0,  0,  0, 16,  0],
       [16, 16, 16, 16, 16, 16, 16, 16, 16, 16, 16, 16, 16, 16, 16,  0]])"
35,5_1,5,"[X(1,6,2,7), X(3,8,4,9), X(5,12,6,1), X(7,2,8,3), X(9,11,10,10), X(11,4,12,5)]","array([[ 5,  5,  5,  5,  5,  0,  0,  0,  0,  0,  0,  0],
       [ 5, 11, 11, 11,  5,  0,  0,  0,  0,  0,  0,  0],
       [ 5, 11,  4, -1,  5,  0,  0,  0,  0,  0,  0,  0],
       [ 5, 11,  4, 12, 12, 12, 12, 12, 12, 12,  0,  0],
       [ 5, 11,  4,  8,  8,  8,  8,  0,  0, 12,  0,  0],
       [ 5, 11,  4, -2,  3,  3, -1,  2,  0, 12,  0,  0],
       [ 5, 11,  0,  9,  0,  0,  7,  2,  0, 12,  0,  0],
       [ 5, 11,  0,  9,  0,  0,  7,  2,  0, 12, 12, 12],
       [ 5, 11, 11, -1, 10,  0,  7,  2,  2,  2,  0, 12],
       [ 5,  0,  0, 10, 10,  0,  7,  7,  7, -1,  6, 12],
       [ 5,  0,  0,  0,  0,  0,  0,  0,  0,  1,  6, 12],
       [ 5,  0,  0,  0,  0,  0,  0,  0,  0,  1,  6, 12],
       [ 5,  5,  5,  5,  5,  5,  5,  5,  5, -2,  6, 12],
       [ 0,  0,  0,  0,  0,  0,  0,  0,  0, 12, 12, 12]])"
36,5_1,5,"[X(1,6,2,7), X(3,8,4,9), X(5,10,6,1), X(7,2,8,3), X(9,4,10,5)]","array([[ 0,  0,  0,  0,  0,  5,  5,  5,  5,  5,  5,  5,  5,  5,  5,  0,  0,  0,  0],
       [ 0,  0,  0,  0,  0,  5,  0,  0,  0,  3,  3,  3,  3,  3,  5,  0,  0,  0,  0],
       [ 0,  0,  0,  0,  0,  5,  0,  0,  0,  3,  8,  8,  8,  3,  5,  0,  0,  0,  0],
       [ 0,  0,  0,  0,  0,  5,  0,  0,  0,  3, -1,  2,  8,  3,  5,  0,  0,  0,  0],
       [ 0,  0,  0,  0,  0,  5,  0,  0,  0,  0,  7,  2,  8,  3,  5,  0,  0,  0,  0],
       [ 0,  0,  0,  0,  0,  5,  0,  0,  0,  0,  7,  2,  8,  3,  5,  5,  5,  5,  5],
       [ 0,  0,  0,  0,  0,  5,  0,  0,  0,  0,  7,  2,  8,  3,  9,  9,  9,  9,  5],
       [ 0,  0,  0,  0,  0,  5,  1,  1,  1,  1, -2,  2,  8,  3, -2,  4,  4, -1,  5],
       [ 0,  0,  0,  0,  0,  5,  1,  6,  6,  6,  6,  0,  8,  8,  8,  0,  0, 10,  0],
       [10, 10, 10, 10, 10,  5,  1,  6,  0,  0,  0,  0,  0,  0,  0,  0,  0, 10,  0],
       [10,  6,  6,  6, 10,  5,  1,  6,  0,  0,  0,  0,  0,  0,  0,  0,  0, 10,  0],
       [10,  6,  1, -1, 10,  5,  1,  6, 10, 10, 10, 10, 10, 10, 10, 10, 10, 10,  0],
       [10,  6,  1,  5,  5,  5,  1,  6, 10,  0,  0,  0,  0,  0,  0,  0,  0,  0,  0],
       [10,  6,  1,  1,  1,  1,  1,  6, 10,  0,  0,  0,  0,  0,  0,  0,  0,  0,  0],
       [10,  6,  6,  6,  6,  6,  6,  6, 10,  0,  0,  0,  0,  0,  0,  0,  0,  0,  0],
       [10, 10, 10, 10, 10, 10, 10, 10, 10,  0,  0,  0,  0,  0,  0,  0,  0,  0,  0]])"
37,5_1,5,"[X(1,8,2,9), X(3,10,4,11), X(5,7,6,6), X(7,12,8,1), X(9,2,10,3), X(11,4,12,5)]","array([[ 0,  0,  0,  0,  0,  0,  0, 11, 11, 11, 11, 11, 11, 11,  0,  0,  0,  0],
       [ 0,  0,  0,  0,  0,  0,  0, 11,  4,  4,  4,  4,  4, 11,  0,  0,  0,  0],
       [ 0,  0,  0,  0,  0,  0,  0, 11,  4, 10, 10, 10,  4, 11,  0,  0,  0,  0],
       [ 0,  0,  0,  0,  0,  0,  0, 11,  4, -2,  3, 10,  4, 11,  0,  0,  0,  0],
       [ 0,  0,  0,  0,  0,  0,  0, 11, 11, 11,  3, 10,  4, 11,  0,  0,  0,  0],
       [ 7,  7,  7,  0,  0,  9,  9,  9,  9,  9,  3, 10,  4, 11,  0,  0,  6,  6],
       [ 7, 12, -1,  1,  1, -2,  2,  2,  2, -1,  3, 10,  4, -1,  5,  5, -2,  6],
       [ 7, 12,  8,  8,  8,  8,  0,  0,  0, 10, 10, 10,  0, 12,  0,  0,  7,  0],
       [ 7, 12, 12, 12, 12, 12, 12, 12, 12, 12, 12, 12, 12, 12,  0,  0,  7,  0],
       [ 7,  7,  7,  7,  7,  7,  7,  7,  7,  7,  7,  7,  7,  7,  7,  7,  7,  0]])"
38,5_1,5,"[X(2,1,3,2), X(3,10,4,11), X(4,10,5,9), X(5,14,6,15), X(7,8,8,9), X(11,16,12,17), X(13,18,14,1), X(15,6,16,7), X(17,12,18,13)]","array([[ 0,  0,  0,  0,  0,  0,  0, 18, 18, 18, 18, 18, 18, 18, 18, 18, 18, 18, 18, 18, 18, 18, 18],
       [ 0,  0,  0,  0,  0,  0, 14, -2, 13, 13, 13, 13, 13, 13, 13, 13, 13, 13, 13, 13, 13, 13, 18],
       [ 0,  0,  0,  0,  0,  0, 14,  1,  0,  0,  0,  0,  0,  0,  0,  0,  0,  0,  0,  0,  0, 13, 18],
       [ 0,  0,  0,  0,  0, 14, 14,  1,  0,  0,  0,  0,  0,  0,  0,  0,  0,  0,  0,  0,  0, 13, 18],
       [ 0,  0,  0,  0,  0, 14,  1,  1,  0,  0,  0,  0,  0,  0,  0,  0,  0,  0,  0,  0,  0, 13, 18],
       [ 0,  0,  0,  0,  0, 14,  1,  2,  2,  0,  0,  0,  0,  0,  0,  0,  0,  0,  0,  0,  0, 13, 18],
       [ 0,  0,  0,  0,  0, 14,  1, -1,  2,  0,  0,  0,  0,  0,  0,  0,  0,  0,  0,  0,  0, 13, 18],
       [ 0,  0,  0,  0,  0, 14,  0,  3,  0,  0,  0,  0,  0,  0,  0,  0,  0,  0,  0,  0,  0, 13, 18],
       [14, 14, 14, 14, 14, 14,  0,  3,  0,  0,  0,  0,  0,  0,  0,  0,  0,  0,  0,  0,  0, 13, 18],
       [14,  5,  5,  5,  0,  0,  0,  3,  0,  0,  0,  0,  0,  0,  0,  0,  0,  0,  0,  0,  0, 13, 18],
       [14,  5,  9, -1, 10, 10, 10, -1, 11, 11, 11, 11, 11, 11, 11, 11, 11,  0,  0,  0,  0, 13, 18],
       [14,  5,  9,  4,  4,  4,  4,  4,  0,  0,  0,  0,  0,  0,  0,  0, 11,  0,  0,  0,  0, 13, 18],
       [14,  5,  9,  9,  9,  9,  9,  9,  9,  9,  9,  9,  9,  9,  9,  9, 11,  0,  0,  0,  0, 13, 18],
       [14,  5,  0,  0,  0,  0,  0,  0,  0, 15, 15, 15, 15, 15, 15,  9, 11,  0,  0,  0,  0, 13, 18],
       [14,  5,  5,  5,  5,  5,  5,  5,  0, 15,  6,  6,  6,  6, 15,  9, 11,  0,  0,  0,  0, 13, 18],
       [14, 14, 14, 14, 14, 14, 14, -1, 15, 15,  6,  0, 16, -2, 15,  9, 11,  0,  0,  0,  0, 13, 18],
       [ 0,  0,  0,  0,  0,  0,  0,  6,  6,  6,  6,  0, 16,  7,  0,  9, 11,  0,  0,  0,  0, 13, 18],
       [ 0,  0,  0,  0,  0,  0,  0,  0,  0,  0,  0, 16, 16,  7,  0,  9, 11, 17, 17, 17, 17, 13, 18],
       [ 0,  0,  0,  0,  0,  0,  0,  0,  0,  0,  0, 16,  8, -1,  9,  9, 11, -2, 12,  0, 17, 13, 18],
       [ 0,  0,  0,  0,  0,  0,  0,  0,  0,  0,  0, 16,  8,  8,  0,  0,  0, 16, 12,  0, 17, 13, 18],
       [ 0,  0,  0,  0,  0,  0,  0,  0,  0,  0,  0, 16, 16, 16, 16, 16, 16, 16, 12,  0, 17, 13, 18],
       [ 0,  0,  0,  0,  0,  0,  0,  0,  0,  0,  0,  0,  0,  0,  0,  0,  0,  0, 12,  0, 17, 13, 18],
       [ 0,  0,  0,  0,  0,  0,  0,  0,  0,  0,  0,  0,  0,  0,  0,  0,  0,  0, 12, 12, -1, 13, 18],
       [ 0,  0,  0,  0,  0,  0,  0,  0,  0,  0,  0,  0,  0,  0,  0,  0,  0,  0,  0,  0, 18, 18, 18]])"
39,5_1,5,"[X(2,7,3,8), X(3,10,4,11), X(5,12,6,1), X(8,1,9,2), X(9,6,10,7), X(11,4,12,5)]","array([[ 0,  0, 12, 12, 12, 12, 12, 12, 12, 12, 12, 12, 12, 12, 12, 12],
       [12, 12, 12,  5,  5,  5,  5,  5,  5,  5,  5,  5,  5,  5,  5, 12],
       [12,  5,  5,  5,  8,  8,  8,  8,  3,  3,  3, 11, 11, 11,  5, 12],
       [12, -1,  1,  1, -1,  2,  2, -2,  3, 10, -1, 11,  4, -1,  5, 12],
       [ 0,  6,  0,  0,  9,  0,  0,  7,  0, 10,  4,  4,  4, 12, 12, 12],
       [ 0,  6,  0,  0,  9,  0,  0,  7,  0, 10,  0,  0,  0,  0,  0,  0],
       [10, -2,  9,  9,  9,  0,  0,  7,  0, 10,  0,  0,  0,  0,  0,  0],
       [10,  7,  7,  7,  7,  7,  7,  7,  0, 10,  0,  0,  0,  0,  0,  0],
       [10, 10, 10, 10, 10, 10, 10, 10, 10, 10,  0,  0,  0,  0,  0,  0]])"
40,5_2,5,"[X(1,4,2,5), X(3,8,4,9), X(5,10,6,1), X(7,2,8,3), X(9,6,10,7)]","array([[10, 10, 10,  0,  0,  0,  0,  0,  0,  0,  0,  0,  0,  0,  0,  0,  0,  0],
       [10,  6, -2,  5,  5,  5,  5,  5,  5,  5,  5,  5,  5,  5,  5,  5,  5,  5],
       [10,  6,  1,  1,  1,  1,  1,  1,  1,  1,  1,  1,  1,  1,  1,  1,  1,  5],
       [10,  6,  0,  0,  0,  0,  9,  9,  9,  9,  0,  0,  0,  0,  0,  0,  1,  5],
       [10,  6,  0,  0,  0,  0,  9,  0,  3, -2,  4,  4,  4,  4,  4,  4,  1,  5],
       [10,  6,  0,  0,  0,  0,  9,  0,  3,  8,  8,  8,  8,  0,  0,  4,  1,  5],
       [10,  6,  0,  0,  0,  0,  9,  0,  3,  0,  0,  0,  8,  0,  0,  4,  1,  5],
       [10,  6,  0,  0,  0,  0,  9,  0,  3,  3,  3,  3, -1,  2,  2, -2,  1,  5],
       [10,  6,  0,  0,  0,  0,  9,  7,  7,  7,  7,  7,  7,  0,  0,  5,  5,  5],
       [10,  6,  6,  6,  6,  6,  9,  7,  0,  0,  0,  0,  0,  0,  0,  0,  0,  0],
       [10, 10, 10, 10, 10, -2,  9,  7,  0,  0,  0,  0,  0,  0,  0,  0,  0,  0],
       [ 0,  0,  0,  0,  0,  7,  7,  7,  0,  0,  0,  0,  0,  0,  0,  0,  0,  0]])"
41,5_2,5,"[X(1,4,2,5), X(3,10,4,11), X(5,16,6,1), X(7,14,8,15), X(8,12,9,11), X(9,2,10,3), X(13,13,14,12), X(15,6,16,7)]","array([[ 0,  0,  0,  0,  0, 13, 13,  0,  0,  8,  8,  8,  8,  8,  0],
       [ 0,  0,  0,  0,  0, 13, -1, 12, 12, -1, 11, 11, 11,  8,  0],
       [14, 14, 14, 14, 14, 14, 14,  0,  0,  9,  0,  0, 11,  8,  0],
       [14,  0,  0,  5,  5,  5,  5,  0,  0,  9,  0,  0, 11,  8,  8],
       [14,  0, 16, -1,  1,  1, -2,  2,  2, -1,  3,  3, -2,  4,  8],
       [14,  0, 16,  6,  0,  0,  4,  0,  0, 10, 10, 10, 10,  4,  8],
       [14,  0, 16,  6,  0,  0,  4,  4,  4,  4,  4,  4,  4,  4,  8],
       [14,  0, 16,  6,  0,  0,  8,  8,  8,  8,  8,  8,  8,  8,  8],
       [14,  0, 16, -2, 15, 15, -1, 14,  0,  0,  0,  0,  0,  0,  0],
       [14,  0,  0,  7,  7,  7,  7, 14,  0,  0,  0,  0,  0,  0,  0],
       [14, 14, 14, 14, 14, 14, 14, 14,  0,  0,  0,  0,  0,  0,  0]])"
42,5_2,5,"[X(1,6,2,7), X(3,12,4,13), X(4,5,5,6), X(7,14,8,1), X(9,10,10,11), X(11,2,12,3), X(13,8,14,9)]","array([[ 0,  0,  0,  0,  0,  0,  0,  0,  8,  8,  8,  8,  8,  0],
       [ 0,  0,  0,  0,  0,  0,  0,  0,  8, 14, 14, 14,  8,  0],
       [ 0,  0,  0,  0,  0,  0,  0,  0,  8, -2,  7, 14,  8,  0],
       [ 0,  0,  0,  0,  0,  0,  0,  0,  0,  1,  7, 14,  8,  0],
       [ 0,  0,  0,  0,  4,  4,  4,  0,  0,  1,  7, 14,  8,  0],
       [ 0,  0,  0,  0,  4,  5, -1,  6,  6, -1,  7, 14,  8,  0],
       [ 0,  0,  0,  0,  4,  5,  5,  0,  0,  2,  0, 14,  8,  8],
       [ 0,  0,  0,  0,  4,  0,  0,  0,  0,  2,  0, 14, 14,  8],
       [ 0,  0,  0,  0,  4,  4,  4,  4,  4,  2,  2,  2, 14,  8],
       [ 0,  0,  0, 13, 13, 13, 13, 13,  4,  4,  4,  2, 14,  8],
       [ 0,  0,  0, 13, 11, 11, 11, 13, 13, 13,  4,  2, 14,  8],
       [ 0,  0,  0, 13, 11,  2, -1,  3,  3, -2,  4,  2, 14,  8],
       [ 0,  0,  0, 13, 11,  2, 12, 12, 12, 12,  0,  2, 14,  8],
       [ 0,  0,  0, 13, 11,  2,  2,  2,  2,  2,  2,  2, 14,  8],
       [13, 13, 13, 13, 11,  0,  0,  0,  0,  0,  0,  0, 14,  8],
       [13, 11, 11, 11, 11,  0,  0,  0,  0,  0,  0,  0, 14,  8],
       [13, 11, 14, 14, 14, 14, 14, 14, 14, 14, 14, 14, 14,  8],
       [13, 11, 14,  8,  8,  8,  8,  8,  8,  8,  8,  8,  8,  8],
       [13, 11, 14, -2, 13, 13,  0,  0,  0,  0,  0,  0,  0,  0],
       [13, 11,  0,  9,  0, 13,  0,  0,  0,  0,  0,  0,  0,  0],
       [13, 11,  0,  9,  0, 13,  0,  0,  0,  0,  0,  0,  0,  0],
       [13, 11, 10, -1, 11, 13,  0,  0,  0,  0,  0,  0,  0,  0],
       [13, 11, 10, 10, 11, 13,  0,  0,  0,  0,  0,  0,  0,  0],
       [13, 11, 11, 11, 11, 13,  0,  0,  0,  0,  0,  0,  0,  0],
       [13, 13, 13, 13, 13, 13,  0,  0,  0,  0,  0,  0,  0,  0]])"
43,5_2,5,"[X(1,2,2,3), X(3,17,4,16), X(4,15,5,16), X(5,6,6,7), X(7,10,8,11), X(9,14,10,15), X(11,18,12,1), X(13,8,14,9), X(17,12,18,13)]","array([[ 0,  0,  0,  0,  0,  3,  3,  3,  3,  3,  3,  3,  3,  3,  3],
       [ 0,  0,  0,  0,  0,  3,  0,  0,  0,  5,  5,  5,  5,  5,  3],
       [ 0,  0,  0,  3,  3,  3,  5,  5,  5,  5, 10, 10, 10,  5,  3],
       [ 0,  0, 17, -1, 16, 16, -1, 15, 15, 15, -1, 14, 10,  5,  3],
       [ 0,  0, 17,  4,  4,  4,  4,  0,  0,  0,  9, 14, 10,  5,  3],
       [ 0,  0, 17,  0,  0,  0,  0,  0,  0,  0,  9, 14, 10,  5,  3],
       [ 0,  0, 17, 13, 13, 13, 13, 13, 13, 13, -2, 14, 10,  5,  3],
       [ 0,  0, 17, 13,  0,  0,  0,  0,  0,  0,  8,  0, 10,  5,  3],
       [ 0, 17, 17, 13,  0,  0,  0,  0,  0,  0,  8,  0, 10,  5,  3],
       [ 0, 17, 13, 13,  0,  0,  0,  0,  0,  0,  8,  0, 10,  5,  3],
       [ 0, 17, 13, 11, 11, 11, 11, 11, 11, 11, -1, 10, 10,  5,  3],
       [ 0, 17, 13, 11,  0,  0,  0,  0,  0,  0,  7,  0,  0,  5,  3],
       [17, 17, 13, 11,  0,  0,  0,  0,  0,  0,  7,  0,  0,  5,  3],
       [17, 13, 13, 11,  0,  0,  3,  3,  3,  0,  7,  0,  0,  5,  3],
       [17, 13, 18, -1,  1,  1, -2,  2,  3,  5, -2,  6,  0,  5,  3],
       [17, 13, 18, 12,  0,  0,  2,  2,  3,  5,  6,  6,  0,  5,  3],
       [17, 13, 18, 12,  0,  0,  0,  0,  3,  5,  5,  5,  5,  5,  3],
       [17, 13, 18, 12,  0,  0,  0,  0,  3,  3,  3,  3,  3,  3,  3],
       [17, 13, 18, 12,  0,  0,  0,  0,  0,  0,  0,  0,  0,  0,  0],
       [17, 13, 18, -2, 17,  0,  0,  0,  0,  0,  0,  0,  0,  0,  0],
       [17, 13, 13, 13, 17,  0,  0,  0,  0,  0,  0,  0,  0,  0,  0],
       [17, 17, 17, 17, 17,  0,  0,  0,  0,  0,  0,  0,  0,  0,  0]])"
44,5_2,5,"[X(1,8,2,9), X(3,12,4,13), X(4,5,5,6), X(7,2,8,3), X(10,10,11,9), X(11,14,12,1), X(13,6,14,7)]","array([[ 0,  0,  0,  0,  0,  0, 12, 12, 12, 12, 12, 12, 12, 12,  0],
       [ 5,  5,  0,  0, 12, 12, 12,  8,  8,  8,  8,  0,  0, 12,  0],
       [ 5, -2,  4,  4, -2,  3,  3, -1,  2,  2, -2,  1,  1, -1, 14],
       [ 0,  6,  0,  0, 13,  0,  0,  7,  0,  0,  9,  0,  0, 11, 14],
       [ 0,  6,  0,  0, 13,  0,  0,  7,  0,  0,  9,  0,  0, 11, 14],
       [14, -2, 13, 13, 13,  0,  0,  7,  0, 10, -2, 11, 11, 11, 14],
       [14,  7,  7,  7,  7,  7,  7,  7,  0, 10, 10, 14, 14, 14, 14],
       [14, 14, 14, 14, 14, 14, 14, 14, 14, 14, 14, 14,  0,  0,  0]])"
45,5_2,5,"[X(2,11,3,12), X(4,2,5,1), X(5,12,6,13), X(7,7,8,6), X(8,15,9,16), X(10,3,11,4), X(13,16,14,1), X(14,9,15,10)]","array([[ 4,  4,  4,  4,  4,  0,  0,  0,  0,  0,  0,  0,  0,  0,  0,  0,  0,  0,  0,  0,  0,  0,  0,  0],
       [ 4, 11, 11, 11,  4,  4,  4,  0,  0, 14, 14, 14, 14, 14, 14, 14, 14, 14, 14, 14, 14, 14, 14,  0],
       [ 4, 11,  3, -2,  2,  2, -1,  1,  1, -1, 16, 16, 16, 16, 16, 16, 16, 16, 16, 16,  0,  0, 14,  0],
       [ 4, 11,  3, 12, 12, 12,  5,  0,  0, 13,  0,  0,  0,  0,  0,  0,  0,  0,  0, 16,  0,  0, 14,  0],
       [ 4, 11,  3,  0,  0, 12,  5,  0,  0, 13,  0,  0,  0,  0,  0,  0,  0,  0,  0, 16,  0,  0, 14,  0],
       [ 4, 11,  3,  0,  0, 12, -1, 13, 13, 13,  0,  6,  6,  6,  6,  6,  6,  0,  0, 16,  0,  0, 14,  0],
       [ 4, 11,  3,  0,  0,  0,  6,  6,  6,  6,  6,  6, 10, 10, 10,  0,  6,  0,  0, 16,  0,  0, 14,  0],
       [ 4, 11,  3,  3,  3,  3,  3,  3,  3,  3,  3,  3, -1,  4, 10,  7, -2,  8,  8, -2,  9,  9, -1, 10],
       [ 4, 11, 11, 11, 11, 11, 11, 11, 11, 11, 11, 11, 11,  4, 10,  7,  7,  0,  0, 15, 15, 15, 15, 10],
       [ 4,  4,  4,  4,  4,  4,  4,  4,  4,  4,  4,  4,  4,  4, 10, 10, 10, 10, 10, 10, 10, 10, 10, 10]])"
46,5_2,5,"[X(2,1,3,2), X(4,3,5,4), X(5,8,6,9), X(7,12,8,13), X(9,16,10,1), X(11,6,12,7), X(14,13,15,14), X(15,10,16,11)]","array([[ 0,  0,  0,  0,  0,  0,  0,  0,  0,  0,  0,  0,  0,  0,  0,  0,  0, 14, 14,  0,  0],
       [ 0,  0,  0,  0,  0,  0,  0,  0,  0,  0,  0,  0,  0,  0,  0,  0,  0, 14, -2, 15,  0],
       [ 0,  0,  0,  0,  0,  0,  0,  0,  0,  0,  0,  0,  0,  0,  0,  0,  0,  0, 13, 15,  0],
       [11, 11, 11, 11, 11, 11, 11, 11, 11, 11, 11, 11, 11, 11,  0,  0,  0,  0, 13, 15,  0],
       [11,  0,  0,  0,  9,  9,  9,  9,  9,  9,  9,  9,  9, 11,  0,  0,  0,  0, 13, 15,  0],
       [11,  0,  9,  9,  9,  2,  2,  0,  4,  4,  0,  0,  9, 11, 11, 11,  0,  0, 13, 15, 15],
       [11, 16, -1,  1,  1,  2, -2,  3,  4, -2,  5,  5, -2,  6,  6, -1,  7,  7, -2,  8, 15],
       [11, 16, 10,  0,  1,  1,  1,  3,  3,  3,  0,  0,  8,  0,  0, 12, 12, 12, 12,  8, 15],
       [11, 16, 10,  0,  0,  0,  0,  0,  0,  0,  0,  0,  8,  8,  8,  8,  8,  8,  8,  8, 15],
       [11, 16, 10,  0,  0,  0,  0,  0,  0,  0,  0,  0,  0,  0,  0,  0,  0,  0,  0,  0, 15],
       [11, 16, -2, 15, 15, 15, 15, 15, 15, 15, 15, 15, 15, 15, 15, 15, 15, 15, 15, 15, 15],
       [11, 11, 11,  0,  0,  0,  0,  0,  0,  0,  0,  0,  0,  0,  0,  0,  0,  0,  0,  0,  0]])"
47,5_2,5,"[X(1,10,2,11), X(3,14,4,15), X(5,6,6,7), X(7,4,8,5), X(8,9,9,10), X(11,16,12,1), X(13,2,14,3), X(15,12,16,13)]","array([[ 0,  0,  0,  0,  0,  0,  0,  0,  0,  0,  0,  0, 13, 13, 13, 13, 13],
       [ 0, 11, 11, 11, 11, 11, 11, 11,  0,  0, 13, 13, 13, 15, 15, 15, 13],
       [16, -1,  1,  1,  1,  1,  1, -2,  2,  2, -1,  3,  3, -2,  4, 15, 13],
       [16, 12,  0,  0,  0,  0,  0, 10,  0,  0, 14, 14, 14, 14,  4, 15, 13],
       [16, 12,  0,  0,  0,  0,  0, 10,  0,  0,  0,  0,  0,  0,  4, 15, 13],
       [16, 12,  0,  0,  0,  0,  8, -2,  9,  0,  0,  0,  0,  0,  4, 15, 13],
       [16, 12,  0,  0,  0,  0,  8,  9,  9,  0,  0,  0,  0,  0,  4, 15, 13],
       [16, 12,  0,  6,  6,  0,  8,  8,  0,  0,  0,  0,  0,  0,  4, 15, 13],
       [16, 12,  0,  6, -2,  5,  5, -1,  4,  4,  4,  4,  4,  4,  4, 15, 13],
       [16, 12,  0,  0,  7,  7,  7,  7,  0,  0,  0,  0,  0,  0,  0, 15, 13],
       [16, 12, 12, 12, 12,  0,  0,  0,  0,  0,  0,  0,  0,  0,  0, 15, 13],
       [16, 16, 16, 16, -2, 15, 15, 15, 15, 15, 15, 15, 15, 15, 15, 15, 13],
       [ 0,  0,  0,  0, 13, 13, 13, 13, 13, 13, 13, 13, 13, 13, 13, 13, 13]])"
48,5_2,5,"[X(2,9,3,10), X(4,1,5,2), X(7,12,8,1), X(8,6,9,5), X(10,3,11,4), X(11,6,12,7)]","array([[ 0,  3,  3,  3,  3,  3,  3,  3,  3,  3,  0,  0,  0,  0,  0,  0],
       [ 0,  3, 11, 11, 11, 11, 11, 11, 11,  3,  3,  3,  3,  0,  0,  0],
       [ 0,  3, 11,  7,  7,  7,  7,  7, 11, 11, 11, 11,  3,  0,  0,  0],
       [ 0,  3, 11,  7,  0,  0, 12, -1,  1,  1,  1, 11,  3,  0,  0,  0],
       [ 0,  3, 11,  7,  0,  0, 12,  8,  0,  0,  1, 11,  3,  3,  3,  3],
       [ 0,  3, 11,  7, 12, 12, 12,  8,  0,  0,  1, 11, 11, 11, 11,  3],
       [ 0,  3, 11,  7, -1,  6,  6, -1,  5,  5, -2,  4,  4,  4, -1,  3],
       [ 0,  3, 11, 11, 11,  0,  0,  9,  0,  0,  2, 10, 10, 10, 10,  0],
       [ 0,  3,  3,  3,  0,  0,  0,  9,  0,  0,  2, 10,  0,  0,  0,  0],
       [10, 10, 10,  3,  0,  0,  0,  9,  0,  0,  2, 10,  0,  0,  0,  0],
       [10,  2, -2,  3,  0,  0,  0,  9,  2,  2,  2, 10,  0,  0,  0,  0],
       [10,  2,  9,  9,  9,  9,  9,  9,  2, 10, 10, 10,  0,  0,  0,  0],
       [10,  2,  2,  2,  2,  2,  2,  2,  2, 10,  0,  0,  0,  0,  0,  0],
       [10, 10, 10, 10, 10, 10, 10, 10, 10, 10,  0,  0,  0,  0,  0,  0]])"
49,5_2,5,"[X(1,11,2,10), X(2,7,3,8), X(4,9,5,10), X(5,12,6,1), X(8,3,9,4), X(11,6,12,7)]","array([[ 9,  9,  9,  9,  9,  9,  9,  9,  9,  9,  9,  9,  9,  9,  9,  9],
       [ 9,  4,  4,  4,  4,  4,  4,  4,  4,  4,  4,  4,  4,  4,  4,  9],
       [ 9, -1, 10,  0,  0,  0,  0,  0,  0,  0,  0,  0,  0,  8, -2,  9],
       [ 0,  5, 10,  0,  0,  2,  2,  2,  2,  2,  0,  0,  0,  8,  3,  0],
       [ 0,  5, 10,  0,  0,  2, 11, 11, 11,  2,  2,  2,  0,  8,  3,  0],
       [ 0,  5, 10,  0,  0,  2, 11,  6, -1,  7,  7, -1,  8,  8,  3,  0],
       [ 0,  5, 10,  0,  0,  2, 11,  6, 12,  0,  0,  3,  3,  3,  3,  0],
       [ 0,  5, 10, 10, 10,  2, 11,  6, 12,  0,  0,  0,  0,  0,  0,  0],
       [12, -1,  1,  1, -2,  2, 11,  6, 12,  0,  0,  0,  0,  0,  0,  0],
       [12,  6,  0,  0, 11, 11, 11,  6, 12,  0,  0,  0,  0,  0,  0,  0],
       [12,  6,  6,  6,  6,  6,  6,  6, 12,  0,  0,  0,  0,  0,  0,  0],
       [12, 12, 12, 12, 12, 12, 12, 12, 12,  0,  0,  0,  0,  0,  0,  0]])"
